{"search":"","showTags":false,"showAttachments":false,"hideUnresolved":false,"showOrphans":false,"showArrow":false,"textFadeMultiplier":-3,"nodeSizeMultiplier":1.24700374531835,"lineSizeMultiplier":1.37546816479401,"centerStrength":0.473782771535581,"repelStrength":14.7940074906367,"linkStrength":0.533707865168539,"linkDistance":110,"scale":0.5267489711934146}